# Reaction HUMAnN v4.0.0.alpha.1	SRR31533937_merged
UNMAPPED	100.0000000000
UNGROUPED	0.0000000000